Reach_ID,Baseline_Point_Left,Baseline_Point_Right,Shift,Year,Bank
1,2918,16227,46.81,1991,Left
1,2918,16227,305.68,1993,Left
1,2918,16227,-279.13,1995,Left
1,2918,16227,-346.8,1996,Left
1,2918,16227,580.42,1997,Left
1,2918,16227,-188.18,1998,Left
1,2918,16227,-141.55,1999,Left
1,2918,16227,-182.0,2000,Left
1,2918,16227,-204.65,2001,Left
1,2918,16227,2991.24,2005,Left
1,2918,16227,2477.77,2010,Left
1,2918,16227,1405.05,2015,Left
1,2918,16227,1881.13,2020,Left
1,2918,16227,189.25,1991,Right
1,2918,16227,-1664.47,1993,Right
1,2918,16227,-2879.17,1995,Right
1,2918,16227,-2514.54,1996,Right
1,2918,16227,-2384.32,1997,Right
1,2918,16227,-1698.11,1998,Right
1,2918,16227,-1321.93,1999,Right
1,2918,16227,-773.94,2000,Right
1,2918,16227,-1111.27,2001,Right
1,2918,16227,-42.79,2005,Right
1,2918,16227,1045.03,2010,Right
1,2918,16227,1101.81,2015,Right
1,2918,16227,1500.56,2020,Right
2,3021,16380,326.74,1991,Left
2,3021,16380,-308.36,1993,Left
2,3021,16380,-11.36,1995,Left
2,3021,16380,-61.11,1996,Left
2,3021,16380,300.61,1997,Left
2,3021,16380,-110.07,1998,Left
2,3021,16380,71.48,1999,Left
2,3021,16380,269.24,2000,Left
2,3021,16380,234.88,2001,Left
2,3021,16380,3195.39,2005,Left
2,3021,16380,2549.72,2010,Left
2,3021,16380,1335.72,2015,Left
2,3021,16380,2124.98,2020,Left
2,3021,16380,118.23,1991,Right
2,3021,16380,-254.44,1993,Right
2,3021,16380,-1614.74,1995,Right
2,3021,16380,-1825.06,1996,Right
2,3021,16380,-1777.1,1997,Right
2,3021,16380,-1599.71,1998,Right
2,3021,16380,-1490.26,1999,Right
2,3021,16380,-1337.03,2000,Right
2,3021,16380,-1656.16,2001,Right
2,3021,16380,-72.45,2005,Right
2,3021,16380,746.3,2010,Right
2,3021,16380,1028.76,2015,Right
2,3021,16380,1501.62,2020,Right
3,3116,16502,135.03,1991,Left
3,3116,16502,-375.44,1993,Left
3,3116,16502,-173.86,1995,Left
3,3116,16502,34.78,1996,Left
3,3116,16502,-5.39,1997,Left
3,3116,16502,-690.88,1998,Left
3,3116,16502,180.68,1999,Left
3,3116,16502,202.9,2000,Left
3,3116,16502,352.66,2001,Left
3,3116,16502,3470.86,2005,Left
3,3116,16502,2636.25,2010,Left
3,3116,16502,1356.35,2015,Left
3,3116,16502,2275.62,2020,Left
3,3116,16502,-591.66,1991,Right
3,3116,16502,-22.83,1993,Right
3,3116,16502,-951.61,1995,Right
3,3116,16502,-1884.15,1996,Right
3,3116,16502,-1852.6,1997,Right
3,3116,16502,-2078.82,1998,Right
3,3116,16502,-2017.64,1999,Right
3,3116,16502,-1773.62,2000,Right
3,3116,16502,-1978.69,2001,Right
3,3116,16502,-178.0,2005,Right
3,3116,16502,399.88,2010,Right
3,3116,16502,561.43,2015,Right
3,3116,16502,836.6,2020,Right
4,3192,16582,245.53,1991,Left
4,3192,16582,219.48,1993,Left
4,3192,16582,-354.92,1995,Left
4,3192,16582,181.39,1996,Left
4,3192,16582,93.83,1997,Left
4,3192,16582,-413.53,1998,Left
4,3192,16582,429.31,1999,Left
4,3192,16582,442.08,2000,Left
4,3192,16582,608.48,2001,Left
4,3192,16582,3781.25,2005,Left
4,3192,16582,3156.86,2010,Left
4,3192,16582,1825.1,2015,Left
4,3192,16582,2843.78,2020,Left
4,3192,16582,-811.42,1991,Right
4,3192,16582,-36.3,1993,Right
4,3192,16582,-746.58,1995,Right
4,3192,16582,-1677.84,1996,Right
4,3192,16582,-1840.03,1997,Right
4,3192,16582,-1837.94,1998,Right
4,3192,16582,-2070.13,1999,Right
4,3192,16582,-1865.38,2000,Right
4,3192,16582,-1314.35,2001,Right
4,3192,16582,-404.87,2005,Right
4,3192,16582,-38.47,2010,Right
4,3192,16582,296.25,2015,Right
4,3192,16582,191.88,2020,Right
5,3287,16708,46.13,1991,Left
5,3287,16708,686.87,1993,Left
5,3287,16708,71.02,1995,Left
5,3287,16708,386.71,1996,Left
5,3287,16708,402.34,1997,Left
5,3287,16708,151.73,1998,Left
5,3287,16708,170.48,1999,Left
5,3287,16708,744.21,2000,Left
5,3287,16708,550.06,2001,Left
5,3287,16708,3328.5,2005,Left
5,3287,16708,3621.48,2010,Left
5,3287,16708,2626.34,2015,Left
5,3287,16708,3651.68,2020,Left
5,3287,16708,-262.68,1991,Right
5,3287,16708,229.01,1993,Right
5,3287,16708,-367.95,1995,Right
5,3287,16708,-711.83,1996,Right
5,3287,16708,-1168.97,1997,Right
5,3287,16708,-1125.16,1998,Right
5,3287,16708,-1262.68,1999,Right
5,3287,16708,-1408.94,2000,Right
5,3287,16708,-884.15,2001,Right
5,3287,16708,-796.43,2005,Right
5,3287,16708,198.6,2010,Right
5,3287,16708,538.32,2015,Right
5,3287,16708,450.24,2020,Right
6,3395,16802,62.69,1991,Left
6,3395,16802,565.39,1993,Left
6,3395,16802,823.4,1995,Left
6,3395,16802,530.77,1996,Left
6,3395,16802,610.86,1997,Left
6,3395,16802,172.37,1998,Left
6,3395,16802,113.88,1999,Left
6,3395,16802,959.2,2000,Left
6,3395,16802,-346.38,2001,Left
6,3395,16802,2716.59,2005,Left
6,3395,16802,3328.39,2010,Left
6,3395,16802,3420.04,2015,Left
6,3395,16802,3796.52,2020,Left
6,3395,16802,-133.75,1991,Right
6,3395,16802,302.69,1993,Right
6,3395,16802,-517.08,1995,Right
6,3395,16802,-168.74,1996,Right
6,3395,16802,-839.9,1997,Right
6,3395,16802,-775.94,1998,Right
6,3395,16802,-1014.28,1999,Right
6,3395,16802,-1039.56,2000,Right
6,3395,16802,-596.18,2001,Right
6,3395,16802,-1397.17,2005,Right
6,3395,16802,643.05,2010,Right
6,3395,16802,552.78,2015,Right
6,3395,16802,800.55,2020,Right
7,3512,16912,-27.81,1991,Left
7,3512,16912,-234.85,1993,Left
7,3512,16912,391.23,1995,Left
7,3512,16912,193.14,1996,Left
7,3512,16912,127.67,1997,Left
7,3512,16912,-254.59,1998,Left
7,3512,16912,-272.24,1999,Left
7,3512,16912,414.49,2000,Left
7,3512,16912,-545.79,2001,Left
7,3512,16912,1622.15,2005,Left
7,3512,16912,2324.52,2010,Left
7,3512,16912,3548.7,2015,Left
7,3512,16912,2992.56,2020,Left
7,3512,16912,-139.52,1991,Right
7,3512,16912,163.02,1993,Right
7,3512,16912,266.63,1995,Right
7,3512,16912,-1.71,1996,Right
7,3512,16912,81.75,1997,Right
7,3512,16912,-515.25,1998,Right
7,3512,16912,-977.05,1999,Right
7,3512,16912,-805.44,2000,Right
7,3512,16912,-875.46,2001,Right
7,3512,16912,-2139.47,2005,Right
7,3512,16912,353.6,2010,Right
7,3512,16912,407.32,2015,Right
7,3512,16912,458.58,2020,Right
8,3628,17025,-4.43,1991,Left
8,3628,17025,-131.73,1993,Left
8,3628,17025,-412.48,1995,Left
8,3628,17025,-265.24,1996,Left
8,3628,17025,-449.23,1997,Left
8,3628,17025,-490.77,1998,Left
8,3628,17025,-528.46,1999,Left
8,3628,17025,-119.37,2000,Left
8,3628,17025,-490.55,2001,Left
8,3628,17025,517.36,2005,Left
8,3628,17025,1359.05,2010,Left
8,3628,17025,3472.86,2015,Left
8,3628,17025,2272.2,2020,Left
8,3628,17025,-644.15,1991,Right
8,3628,17025,-217.26,1993,Right
8,3628,17025,163.98,1995,Right
8,3628,17025,313.17,1996,Right
8,3628,17025,368.2,1997,Right
8,3628,17025,-114.65,1998,Right
8,3628,17025,-848.9,1999,Right
8,3628,17025,-1008.81,2000,Right
8,3628,17025,-830.16,2001,Right
8,3628,17025,-2402.67,2005,Right
8,3628,17025,-607.34,2010,Right
8,3628,17025,97.99,2015,Right
8,3628,17025,-256.32,2020,Right
9,3736,17115,27.87,1991,Left
9,3736,17115,62.4,1993,Left
9,3736,17115,-250.97,1995,Left
9,3736,17115,-339.81,1996,Left
9,3736,17115,-368.36,1997,Left
9,3736,17115,-392.52,1998,Left
9,3736,17115,-380.89,1999,Left
9,3736,17115,-498.83,2000,Left
9,3736,17115,-238.42,2001,Left
9,3736,17115,-395.5,2005,Left
9,3736,17115,614.03,2010,Left
9,3736,17115,2877.06,2015,Left
9,3736,17115,1999.0,2020,Left
9,3736,17115,-486.9,1991,Right
9,3736,17115,229.04,1993,Right
9,3736,17115,358.12,1995,Right
9,3736,17115,586.13,1996,Right
9,3736,17115,648.47,1997,Right
9,3736,17115,765.17,1998,Right
9,3736,17115,-659.49,1999,Right
9,3736,17115,-1001.58,2000,Right
9,3736,17115,-910.15,2001,Right
9,3736,17115,-2096.26,2005,Right
9,3736,17115,-1184.93,2010,Right
9,3736,17115,140.59,2015,Right
9,3736,17115,-333.27,2020,Right
10,3824,17214,20.44,1991,Left
10,3824,17214,23.08,1993,Left
10,3824,17214,-38.32,1995,Left
10,3824,17214,-69.99,1996,Left
10,3824,17214,-178.09,1997,Left
10,3824,17214,-229.75,1998,Left
10,3824,17214,-226.71,1999,Left
10,3824,17214,-242.31,2000,Left
10,3824,17214,-304.98,2001,Left
10,3824,17214,-510.43,2005,Left
10,3824,17214,241.22,2010,Left
10,3824,17214,2307.4,2015,Left
10,3824,17214,2170.07,2020,Left
10,3824,17214,-622.74,1991,Right
10,3824,17214,353.45,1993,Right
10,3824,17214,385.19,1995,Right
10,3824,17214,385.58,1996,Right
10,3824,17214,227.48,1997,Right
10,3824,17214,767.44,1998,Right
10,3824,17214,-1054.9,1999,Right
10,3824,17214,-1149.85,2000,Right
10,3824,17214,-1566.32,2001,Right
10,3824,17214,-2210.04,2005,Right
10,3824,17214,-2145.15,2010,Right
10,3824,17214,-495.23,2015,Right
10,3824,17214,-1045.04,2020,Right
11,3927,17338,-2.01,1991,Left
11,3927,17338,-13.22,1993,Left
11,3927,17338,-32.22,1995,Left
11,3927,17338,-54.13,1996,Left
11,3927,17338,-38.48,1997,Left
11,3927,17338,-210.35,1998,Left
11,3927,17338,-317.16,1999,Left
11,3927,17338,-132.12,2000,Left
11,3927,17338,-114.11,2001,Left
11,3927,17338,-609.24,2005,Left
11,3927,17338,-318.98,2010,Left
11,3927,17338,1721.11,2015,Left
11,3927,17338,2359.35,2020,Left
11,3927,17338,13.87,1991,Right
11,3927,17338,218.04,1993,Right
11,3927,17338,530.06,1995,Right
11,3927,17338,408.62,1996,Right
11,3927,17338,323.52,1997,Right
11,3927,17338,608.66,1998,Right
11,3927,17338,-1986.81,1999,Right
11,3927,17338,-1848.6,2000,Right
11,3927,17338,-2785.81,2001,Right
11,3927,17338,-2310.08,2005,Right
11,3927,17338,-3356.53,2010,Right
11,3927,17338,-1519.97,2015,Right
11,3927,17338,-1851.93,2020,Right
12,4041,17496,419.07,1991,Left
12,4041,17496,184.72,1993,Left
12,4041,17496,109.09,1995,Left
12,4041,17496,85.33,1996,Left
12,4041,17496,220.75,1997,Left
12,4041,17496,-9.83,1998,Left
12,4041,17496,-140.41,1999,Left
12,4041,17496,70.17,2000,Left
12,4041,17496,28.23,2001,Left
12,4041,17496,-379.46,2005,Left
12,4041,17496,-397.64,2010,Left
12,4041,17496,1647.26,2015,Left
12,4041,17496,2007.24,2020,Left
12,4041,17496,376.13,1991,Right
12,4041,17496,170.2,1993,Right
12,4041,17496,474.88,1995,Right
12,4041,17496,370.8,1996,Right
12,4041,17496,308.35,1997,Right
12,4041,17496,645.75,1998,Right
12,4041,17496,-3365.72,1999,Right
12,4041,17496,-2795.21,2000,Right
12,4041,17496,-5631.45,2001,Right
12,4041,17496,-2809.58,2005,Right
12,4041,17496,-4837.69,2010,Right
12,4041,17496,-3036.54,2015,Right
12,4041,17496,-2876.62,2020,Right
13,4158,17831,17.82,1991,Left
13,4158,17831,33.85,1993,Left
13,4158,17831,505.2,1995,Left
13,4158,17831,36.18,1996,Left
13,4158,17831,48.31,1997,Left
13,4158,17831,52.47,1998,Left
13,4158,17831,-16.82,1999,Left
13,4158,17831,27.57,2000,Left
13,4158,17831,-287.94,2001,Left
13,4158,17831,9.51,2005,Left
13,4158,17831,-86.1,2010,Left
13,4158,17831,1522.42,2015,Left
13,4158,17831,1374.76,2020,Left
13,4158,17831,-413.5,1991,Right
13,4158,17831,-83.07,1993,Right
13,4158,17831,-1104.91,1995,Right
13,4158,17831,-500.98,1996,Right
13,4158,17831,-1534.23,1997,Right
13,4158,17831,236.91,1998,Right
13,4158,17831,-5804.98,1999,Right
13,4158,17831,-5675.4,2000,Right
13,4158,17831,-6700.4,2001,Right
13,4158,17831,-5296.27,2005,Right
13,4158,17831,-7464.87,2010,Right
13,4158,17831,-6094.11,2015,Right
13,4158,17831,-5679.32,2020,Right
14,4269,18008,-59.46,1991,Left
14,4269,18008,-126.84,1993,Left
14,4269,18008,274.93,1995,Left
14,4269,18008,-177.85,1996,Left
14,4269,18008,-190.96,1997,Left
14,4269,18008,-195.57,1998,Left
14,4269,18008,-194.81,1999,Left
14,4269,18008,-245.07,2000,Left
14,4269,18008,-719.53,2001,Left
14,4269,18008,-195.74,2005,Left
14,4269,18008,362.07,2010,Left
14,4269,18008,1445.28,2015,Left
14,4269,18008,980.56,2020,Left
14,4269,18008,269.25,1991,Right
14,4269,18008,103.66,1993,Right
14,4269,18008,-1358.75,1995,Right
14,4269,18008,-906.65,1996,Right
14,4269,18008,-1162.01,1997,Right
14,4269,18008,-388.74,1998,Right
14,4269,18008,-6654.29,1999,Right
14,4269,18008,-6851.2,2000,Right
14,4269,18008,-6237.65,2001,Right
14,4269,18008,-6169.33,2005,Right
14,4269,18008,-7772.69,2010,Right
14,4269,18008,-7670.02,2015,Right
14,4269,18008,-6993.68,2020,Right
15,4393,18128,-207.82,1991,Left
15,4393,18128,-462.14,1993,Left
15,4393,18128,-562.3,1995,Left
15,4393,18128,-592.72,1996,Left
15,4393,18128,-652.18,1997,Left
15,4393,18128,-633.06,1998,Left
15,4393,18128,-640.07,1999,Left
15,4393,18128,-684.65,2000,Left
15,4393,18128,-1188.15,2001,Left
15,4393,18128,-647.83,2005,Left
15,4393,18128,709.29,2010,Left
15,4393,18128,1141.81,2015,Left
15,4393,18128,633.94,2020,Left
15,4393,18128,767.3,1991,Right
15,4393,18128,-195.25,1993,Right
15,4393,18128,-873.99,1995,Right
15,4393,18128,-941.76,1996,Right
15,4393,18128,-809.74,1997,Right
15,4393,18128,-797.95,1998,Right
15,4393,18128,-6487.99,1999,Right
15,4393,18128,-6512.32,2000,Right
15,4393,18128,-5430.91,2001,Right
15,4393,18128,-6186.47,2005,Right
15,4393,18128,-6849.61,2010,Right
15,4393,18128,-8597.29,2015,Right
15,4393,18128,-7647.07,2020,Right
16,4508,18232,-348.65,1991,Left
16,4508,18232,-830.6,1993,Left
16,4508,18232,-991.98,1995,Left
16,4508,18232,-1119.04,1996,Left
16,4508,18232,-1203.29,1997,Left
16,4508,18232,-1206.36,1998,Left
16,4508,18232,-1209.93,1999,Left
16,4508,18232,-1236.51,2000,Left
16,4508,18232,-1563.11,2001,Left
16,4508,18232,-1002.2,2005,Left
16,4508,18232,408.55,2010,Left
16,4508,18232,257.59,2015,Left
16,4508,18232,322.4,2020,Left
16,4508,18232,768.49,1991,Right
16,4508,18232,-416.12,1993,Right
16,4508,18232,-507.34,1995,Right
16,4508,18232,-633.11,1996,Right
16,4508,18232,-585.49,1997,Right
16,4508,18232,-371.68,1998,Right
16,4508,18232,-6265.39,1999,Right
16,4508,18232,-6043.86,2000,Right
16,4508,18232,-4625.52,2001,Right
16,4508,18232,-6115.14,2005,Right
16,4508,18232,-6028.05,2010,Right
16,4508,18232,-9338.45,2015,Right
16,4508,18232,-8194.69,2020,Right
17,4630,18337,9.71,1991,Left
17,4630,18337,-882.85,1993,Left
17,4630,18337,-1002.07,1995,Left
17,4630,18337,-1147.86,1996,Left
17,4630,18337,-1204.58,1997,Left
17,4630,18337,-1391.4,1998,Left
17,4630,18337,-1405.18,1999,Left
17,4630,18337,-1408.83,2000,Left
17,4630,18337,-1847.01,2001,Left
17,4630,18337,-1418.62,2005,Left
17,4630,18337,-160.81,2010,Left
17,4630,18337,-401.95,2015,Left
17,4630,18337,-739.28,2020,Left
17,4630,18337,167.88,1991,Right
17,4630,18337,-280.69,1993,Right
17,4630,18337,-616.0,1995,Right
17,4630,18337,-614.26,1996,Right
17,4630,18337,-701.07,1997,Right
17,4630,18337,-187.66,1998,Right
17,4630,18337,-5943.61,1999,Right
17,4630,18337,-5529.39,2000,Right
17,4630,18337,-3830.76,2001,Right
17,4630,18337,-5674.45,2005,Right
17,4630,18337,-5184.29,2010,Right
17,4630,18337,-9751.1,2015,Right
17,4630,18337,-8730.93,2020,Right
18,4795,18462,-172.27,1991,Left
18,4795,18462,-697.6,1993,Left
18,4795,18462,-993.04,1995,Left
18,4795,18462,-963.96,1996,Left
18,4795,18462,-1012.66,1997,Left
18,4795,18462,-1295.98,1998,Left
18,4795,18462,-1590.6,1999,Left
18,4795,18462,-1782.02,2000,Left
18,4795,18462,-1671.15,2001,Left
18,4795,18462,-2010.21,2005,Left
18,4795,18462,-1346.53,2010,Left
18,4795,18462,-1596.19,2015,Left
18,4795,18462,-2032.36,2020,Left
18,4795,18462,-1050.82,1991,Right
18,4795,18462,-625.84,1993,Right
18,4795,18462,-525.18,1995,Right
18,4795,18462,-1058.51,1996,Right
18,4795,18462,-1096.52,1997,Right
18,4795,18462,-214.86,1998,Right
18,4795,18462,-5549.11,1999,Right
18,4795,18462,-5070.48,2000,Right
18,4795,18462,-3071.35,2001,Right
18,4795,18462,-4751.92,2005,Right
18,4795,18462,-4208.99,2010,Right
18,4795,18462,-9799.82,2015,Right
18,4795,18462,-9290.01,2020,Right
19,4931,18578,-368.53,1991,Left
19,4931,18578,-659.72,1993,Left
19,4931,18578,-1320.31,1995,Left
19,4931,18578,-1350.98,1996,Left
19,4931,18578,-1108.7,1997,Left
19,4931,18578,-1323.63,1998,Left
19,4931,18578,-1488.54,1999,Left
19,4931,18578,-1578.68,2000,Left
19,4931,18578,-1699.87,2001,Left
19,4931,18578,-1848.72,2005,Left
19,4931,18578,-2294.81,2010,Left
19,4931,18578,-2539.02,2015,Left
19,4931,18578,-2639.38,2020,Left
19,4931,18578,-2102.85,1991,Right
19,4931,18578,-1528.42,1993,Right
19,4931,18578,-1190.0,1995,Right
19,4931,18578,-1858.46,1996,Right
19,4931,18578,-1849.95,1997,Right
19,4931,18578,-362.48,1998,Right
19,4931,18578,-4679.41,1999,Right
19,4931,18578,-4258.53,2000,Right
19,4931,18578,-1841.51,2001,Right
19,4931,18578,-3727.83,2005,Right
19,4931,18578,-3361.29,2010,Right
19,4931,18578,-8992.97,2015,Right
19,4931,18578,-8762.03,2020,Right
20,5068,18726,75.19,1991,Left
20,5068,18726,-514.17,1993,Left
20,5068,18726,-1328.95,1995,Left
20,5068,18726,-1579.68,1996,Left
20,5068,18726,-1616.24,1997,Left
20,5068,18726,-1428.67,1998,Left
20,5068,18726,-1306.93,1999,Left
20,5068,18726,-1669.86,2000,Left
20,5068,18726,-1294.5,2001,Left
20,5068,18726,-1934.28,2005,Left
20,5068,18726,-2394.82,2010,Left
20,5068,18726,-2975.96,2015,Left
20,5068,18726,-3081.86,2020,Left
20,5068,18726,-1555.83,1991,Right
20,5068,18726,-1383.45,1993,Right
20,5068,18726,-1706.37,1995,Right
20,5068,18726,-1746.68,1996,Right
20,5068,18726,-2222.34,1997,Right
20,5068,18726,-1323.13,1998,Right
20,5068,18726,-3489.4,1999,Right
20,5068,18726,-3126.47,2000,Right
20,5068,18726,-128.67,2001,Right
20,5068,18726,-2376.82,2005,Right
20,5068,18726,-2178.54,2010,Right
20,5068,18726,-7613.38,2015,Right
20,5068,18726,-7434.23,2020,Right
21,5186,18924,266.35,1991,Left
21,5186,18924,-212.24,1993,Left
21,5186,18924,-762.32,1995,Left
21,5186,18924,-1153.32,1996,Left
21,5186,18924,-1385.81,1997,Left
21,5186,18924,-1433.54,1998,Left
21,5186,18924,-982.92,1999,Left
21,5186,18924,-1537.18,2000,Left
21,5186,18924,-1094.46,2001,Left
21,5186,18924,-1686.84,2005,Left
21,5186,18924,-1727.5,2010,Left
21,5186,18924,-2620.16,2015,Left
21,5186,18924,-2684.15,2020,Left
21,5186,18924,30.86,1991,Right
21,5186,18924,207.57,1993,Right
21,5186,18924,-103.95,1995,Right
21,5186,18924,-362.68,1996,Right
21,5186,18924,-598.14,1997,Right
21,5186,18924,-271.44,1998,Right
21,5186,18924,-1588.44,1999,Right
21,5186,18924,-1285.33,2000,Right
21,5186,18924,345.8,2001,Right
21,5186,18924,-670.54,2005,Right
21,5186,18924,-288.28,2010,Right
21,5186,18924,-6196.59,2015,Right
21,5186,18924,-5653.36,2020,Right
22,5313,19048,271.67,1991,Left
22,5313,19048,-261.09,1993,Left
22,5313,19048,-395.41,1995,Left
22,5313,19048,-579.68,1996,Left
22,5313,19048,-1016.7,1997,Left
22,5313,19048,-1339.74,1998,Left
22,5313,19048,-1123.89,1999,Left
22,5313,19048,-640.1,2000,Left
22,5313,19048,-1453.59,2001,Left
22,5313,19048,-1359.55,2005,Left
22,5313,19048,-1448.77,2010,Left
22,5313,19048,-1865.92,2015,Left
22,5313,19048,-1870.36,2020,Left
22,5313,19048,-32.85,1991,Right
22,5313,19048,74.37,1993,Right
22,5313,19048,617.83,1995,Right
22,5313,19048,-583.96,1996,Right
22,5313,19048,-533.28,1997,Right
22,5313,19048,129.01,1998,Right
22,5313,19048,-871.43,1999,Right
22,5313,19048,-944.56,2000,Right
22,5313,19048,1413.14,2001,Right
22,5313,19048,501.24,2005,Right
22,5313,19048,-291.13,2010,Right
22,5313,19048,-4976.85,2015,Right
22,5313,19048,-4822.66,2020,Right
23,5477,19190,-207.67,1991,Left
23,5477,19190,-1005.24,1993,Left
23,5477,19190,-792.83,1995,Left
23,5477,19190,-855.85,1996,Left
23,5477,19190,-1184.49,1997,Left
23,5477,19190,-1564.53,1998,Left
23,5477,19190,-1595.42,1999,Left
23,5477,19190,-888.04,2000,Left
23,5477,19190,-1890.83,2001,Left
23,5477,19190,-1799.95,2005,Left
23,5477,19190,-1730.99,2010,Left
23,5477,19190,-1991.58,2015,Left
23,5477,19190,-1995.57,2020,Left
23,5477,19190,-94.53,1991,Right
23,5477,19190,-31.41,1993,Right
23,5477,19190,501.46,1995,Right
23,5477,19190,269.91,1996,Right
23,5477,19190,303.82,1997,Right
23,5477,19190,684.57,1998,Right
23,5477,19190,462.69,1999,Right
23,5477,19190,321.18,2000,Right
23,5477,19190,1869.86,2001,Right
23,5477,19190,1678.48,2005,Right
23,5477,19190,874.27,2010,Right
23,5477,19190,-3612.31,2015,Right
23,5477,19190,-3472.3,2020,Right
24,5635,19356,-329.09,1991,Left
24,5635,19356,-720.84,1993,Left
24,5635,19356,-1129.16,1995,Left
24,5635,19356,-1195.91,1996,Left
24,5635,19356,-1116.93,1997,Left
24,5635,19356,-1548.61,1998,Left
24,5635,19356,-1655.18,1999,Left
24,5635,19356,-964.29,2000,Left
24,5635,19356,-1939.34,2001,Left
24,5635,19356,-2001.87,2005,Left
24,5635,19356,-2197.21,2010,Left
24,5635,19356,-2175.25,2015,Left
24,5635,19356,-2202.33,2020,Left
24,5635,19356,-507.62,1991,Right
24,5635,19356,569.52,1993,Right
24,5635,19356,588.98,1995,Right
24,5635,19356,1132.38,1996,Right
24,5635,19356,1278.79,1997,Right
24,5635,19356,1434.5,1998,Right
24,5635,19356,1553.15,1999,Right
24,5635,19356,1723.06,2000,Right
24,5635,19356,763.28,2001,Right
24,5635,19356,2710.88,2005,Right
24,5635,19356,2261.13,2010,Right
24,5635,19356,-2126.94,2015,Right
24,5635,19356,-2044.96,2020,Right
25,5782,19530,-480.73,1991,Left
25,5782,19530,-85.82,1993,Left
25,5782,19530,-1426.51,1995,Left
25,5782,19530,-1620.11,1996,Left
25,5782,19530,-843.17,1997,Left
25,5782,19530,-1514.1,1998,Left
25,5782,19530,-1333.41,1999,Left
25,5782,19530,-1687.26,2000,Left
25,5782,19530,-1670.77,2001,Left
25,5782,19530,-1992.76,2005,Left
25,5782,19530,-2117.5,2010,Left
25,5782,19530,-2032.91,2015,Left
25,5782,19530,-1650.83,2020,Left
25,5782,19530,-595.22,1991,Right
25,5782,19530,689.62,1993,Right
25,5782,19530,673.52,1995,Right
25,5782,19530,504.07,1996,Right
25,5782,19530,956.0,1997,Right
25,5782,19530,1170.75,1998,Right
25,5782,19530,1476.89,1999,Right
25,5782,19530,1668.98,2000,Right
25,5782,19530,-2313.76,2001,Right
25,5782,19530,1635.17,2005,Right
25,5782,19530,3168.38,2010,Right
25,5782,19530,-886.95,2015,Right
25,5782,19530,-1104.41,2020,Right
26,5928,19791,-288.85,1991,Left
26,5928,19791,-71.54,1993,Left
26,5928,19791,-920.0,1995,Left
26,5928,19791,-1190.96,1996,Left
26,5928,19791,-1334.04,1997,Left
26,5928,19791,-1603.59,1998,Left
26,5928,19791,-1523.21,1999,Left
26,5928,19791,-1809.66,2000,Left
26,5928,19791,-1122.93,2001,Left
26,5928,19791,-1641.1,2005,Left
26,5928,19791,-1601.23,2010,Left
26,5928,19791,-1271.51,2015,Left
26,5928,19791,-1413.93,2020,Left
26,5928,19791,-533.94,1991,Right
26,5928,19791,-701.56,1993,Right
26,5928,19791,-20.96,1995,Right
26,5928,19791,-280.25,1996,Right
26,5928,19791,50.23,1997,Right
26,5928,19791,5.79,1998,Right
26,5928,19791,106.68,1999,Right
26,5928,19791,356.71,2000,Right
26,5928,19791,-1474.67,2001,Right
26,5928,19791,-163.86,2005,Right
26,5928,19791,2086.3,2010,Right
26,5928,19791,-325.48,2015,Right
26,5928,19791,443.06,2020,Right
27,6050,20402,-53.18,1991,Left
27,6050,20402,-387.33,1993,Left
27,6050,20402,-312.99,1995,Left
27,6050,20402,-527.61,1996,Left
27,6050,20402,-872.48,1997,Left
27,6050,20402,-1141.08,1998,Left
27,6050,20402,-1319.91,1999,Left
27,6050,20402,-1571.68,2000,Left
27,6050,20402,-1353.44,2001,Left
27,6050,20402,-1120.85,2005,Left
27,6050,20402,-1125.12,2010,Left
27,6050,20402,-769.97,2015,Left
27,6050,20402,-1198.09,2020,Left
27,6050,20402,274.64,1991,Right
27,6050,20402,-3033.82,1993,Right
27,6050,20402,-3649.49,1995,Right
27,6050,20402,-2610.06,1996,Right
27,6050,20402,-2396.52,1997,Right
27,6050,20402,-2297.09,1998,Right
27,6050,20402,-2260.48,1999,Right
27,6050,20402,-2151.68,2000,Right
27,6050,20402,-702.14,2001,Right
27,6050,20402,-3413.44,2005,Right
27,6050,20402,-2988.76,2010,Right
27,6050,20402,-3377.55,2015,Right
27,6050,20402,-3414.75,2020,Right
28,6159,20513,-179.6,1991,Left
28,6159,20513,-386.13,1993,Left
28,6159,20513,627.8,1995,Left
28,6159,20513,-442.95,1996,Left
28,6159,20513,-677.37,1997,Left
28,6159,20513,-863.21,1998,Left
28,6159,20513,-703.07,1999,Left
28,6159,20513,-1058.14,2000,Left
28,6159,20513,-1245.77,2001,Left
28,6159,20513,-1218.33,2005,Left
28,6159,20513,-976.31,2010,Left
28,6159,20513,-1175.67,2015,Left
28,6159,20513,-1277.41,2020,Left
28,6159,20513,356.75,1991,Right
28,6159,20513,-2692.32,1993,Right
28,6159,20513,-2928.96,1995,Right
28,6159,20513,-1732.46,1996,Right
28,6159,20513,-1742.16,1997,Right
28,6159,20513,-1637.5,1998,Right
28,6159,20513,-1557.76,1999,Right
28,6159,20513,-1474.96,2000,Right
28,6159,20513,-494.74,2001,Right
28,6159,20513,-3151.93,2005,Right
28,6159,20513,-3436.58,2010,Right
28,6159,20513,-3439.87,2015,Right
28,6159,20513,-3373.66,2020,Right
29,6318,20672,-766.12,1991,Left
29,6318,20672,-448.24,1993,Left
29,6318,20672,973.85,1995,Left
29,6318,20672,-329.77,1996,Left
29,6318,20672,-507.87,1997,Left
29,6318,20672,-1161.09,1998,Left
29,6318,20672,-941.8,1999,Left
29,6318,20672,-1179.73,2000,Left
29,6318,20672,-706.48,2001,Left
29,6318,20672,-1666.16,2005,Left
29,6318,20672,-1743.94,2010,Left
29,6318,20672,-1783.12,2015,Left
29,6318,20672,-1783.87,2020,Left
29,6318,20672,-339.54,1991,Right
29,6318,20672,-2034.75,1993,Right
29,6318,20672,-2123.92,1995,Right
29,6318,20672,-758.0,1996,Right
29,6318,20672,-941.15,1997,Right
29,6318,20672,-712.26,1998,Right
29,6318,20672,-677.05,1999,Right
29,6318,20672,-779.81,2000,Right
29,6318,20672,-19.53,2001,Right
29,6318,20672,-2407.3,2005,Right
29,6318,20672,-2796.7,2010,Right
29,6318,20672,-3425.67,2015,Right
29,6318,20672,-3387.57,2020,Right
30,6464,20855,-867.79,1991,Left
30,6464,20855,419.75,1993,Left
30,6464,20855,165.8,1995,Left
30,6464,20855,521.01,1996,Left
30,6464,20855,-480.11,1997,Left
30,6464,20855,-985.65,1998,Left
30,6464,20855,-1163.93,1999,Left
30,6464,20855,-1172.58,2000,Left
30,6464,20855,-188.82,2001,Left
30,6464,20855,-1504.4,2005,Left
30,6464,20855,-1774.71,2010,Left
30,6464,20855,-1857.5,2015,Left
30,6464,20855,-1868.41,2020,Left
30,6464,20855,-341.41,1991,Right
30,6464,20855,-1300.74,1993,Right
30,6464,20855,-2005.94,1995,Right
30,6464,20855,-144.61,1996,Right
30,6464,20855,-154.82,1997,Right
30,6464,20855,139.29,1998,Right
30,6464,20855,-744.74,1999,Right
30,6464,20855,-726.12,2000,Right
30,6464,20855,906.26,2001,Right
30,6464,20855,-2491.86,2005,Right
30,6464,20855,-2130.64,2010,Right
30,6464,20855,-4032.05,2015,Right
30,6464,20855,-3527.05,2020,Right
31,6596,20990,-501.15,1991,Left
31,6596,20990,811.35,1993,Left
31,6596,20990,383.92,1995,Left
31,6596,20990,1820.58,1996,Left
31,6596,20990,567.53,1997,Left
31,6596,20990,-515.23,1998,Left
31,6596,20990,-282.84,1999,Left
31,6596,20990,-641.56,2000,Left
31,6596,20990,437.21,2001,Left
31,6596,20990,-1277.81,2005,Left
31,6596,20990,-861.18,2010,Left
31,6596,20990,-1278.48,2015,Left
31,6596,20990,-1301.65,2020,Left
31,6596,20990,161.48,1991,Right
31,6596,20990,-276.42,1993,Right
31,6596,20990,-780.06,1995,Right
31,6596,20990,743.37,1996,Right
31,6596,20990,992.9,1997,Right
31,6596,20990,1013.82,1998,Right
31,6596,20990,-300.89,1999,Right
31,6596,20990,-308.29,2000,Right
31,6596,20990,1338.18,2001,Right
31,6596,20990,-2010.57,2005,Right
31,6596,20990,-1054.18,2010,Right
31,6596,20990,-3328.99,2015,Right
31,6596,20990,-2910.6,2020,Right
32,6737,21135,-56.38,1991,Left
32,6737,21135,1346.08,1993,Left
32,6737,21135,1233.52,1995,Left
32,6737,21135,2127.03,1996,Left
32,6737,21135,1543.59,1997,Left
32,6737,21135,-118.13,1998,Left
32,6737,21135,273.36,1999,Left
32,6737,21135,267.18,2000,Left
32,6737,21135,869.3,2001,Left
32,6737,21135,-217.52,2005,Left
32,6737,21135,410.36,2010,Left
32,6737,21135,-581.54,2015,Left
32,6737,21135,-630.48,2020,Left
32,6737,21135,463.65,1991,Right
32,6737,21135,900.96,1993,Right
32,6737,21135,659.41,1995,Right
32,6737,21135,1451.03,1996,Right
32,6737,21135,1515.47,1997,Right
32,6737,21135,1892.62,1998,Right
32,6737,21135,1037.61,1999,Right
32,6737,21135,904.59,2000,Right
32,6737,21135,1513.39,2001,Right
32,6737,21135,-981.02,2005,Right
32,6737,21135,-62.95,2010,Right
32,6737,21135,-2230.0,2015,Right
32,6737,21135,-1715.53,2020,Right
33,6895,21282,-79.63,1991,Left
33,6895,21282,812.0,1993,Left
33,6895,21282,431.92,1995,Left
33,6895,21282,1246.68,1996,Left
33,6895,21282,256.58,1997,Left
33,6895,21282,-119.6,1998,Left
33,6895,21282,-141.66,1999,Left
33,6895,21282,1207.92,2000,Left
33,6895,21282,497.71,2001,Left
33,6895,21282,190.07,2005,Left
33,6895,21282,-19.18,2010,Left
33,6895,21282,-17.58,2015,Left
33,6895,21282,-35.03,2020,Left
33,6895,21282,230.82,1991,Right
33,6895,21282,967.91,1993,Right
33,6895,21282,1414.1,1995,Right
33,6895,21282,1513.45,1996,Right
33,6895,21282,1301.85,1997,Right
33,6895,21282,1635.81,1998,Right
33,6895,21282,1776.76,1999,Right
33,6895,21282,1720.84,2000,Right
33,6895,21282,626.0,2001,Right
33,6895,21282,-914.06,2005,Right
33,6895,21282,-62.65,2010,Right
33,6895,21282,-1546.35,2015,Right
33,6895,21282,-1378.57,2020,Right
34,7074,21483,-549.64,1991,Left
34,7074,21483,124.46,1993,Left
34,7074,21483,-654.5,1995,Left
34,7074,21483,-94.43,1996,Left
34,7074,21483,-647.3,1997,Left
34,7074,21483,-140.19,1998,Left
34,7074,21483,-408.69,1999,Left
34,7074,21483,646.98,2000,Left
34,7074,21483,339.3,2001,Left
34,7074,21483,535.6,2005,Left
34,7074,21483,0.72,2010,Left
34,7074,21483,-495.39,2015,Left
34,7074,21483,-658.38,2020,Left
34,7074,21483,5.03,1991,Right
34,7074,21483,-54.14,1993,Right
34,7074,21483,1204.37,1995,Right
34,7074,21483,937.71,1996,Right
34,7074,21483,662.13,1997,Right
34,7074,21483,864.72,1998,Right
34,7074,21483,1137.17,1999,Right
34,7074,21483,1255.34,2000,Right
34,7074,21483,129.1,2001,Right
34,7074,21483,-324.96,2005,Right
34,7074,21483,-496.25,2010,Right
34,7074,21483,-1256.64,2015,Right
34,7074,21483,-1499.86,2020,Right
35,7232,21674,589.11,1991,Left
35,7232,21674,-128.25,1993,Left
35,7232,21674,-194.87,1995,Left
35,7232,21674,-238.97,1996,Left
35,7232,21674,-296.49,1997,Left
35,7232,21674,196.14,1998,Left
35,7232,21674,438.12,1999,Left
35,7232,21674,494.87,2000,Left
35,7232,21674,-1114.23,2001,Left
35,7232,21674,765.39,2005,Left
35,7232,21674,-41.66,2010,Left
35,7232,21674,-258.2,2015,Left
35,7232,21674,-370.21,2020,Left
35,7232,21674,113.74,1991,Right
35,7232,21674,-119.41,1993,Right
35,7232,21674,-160.15,1995,Right
35,7232,21674,132.52,1996,Right
35,7232,21674,134.09,1997,Right
35,7232,21674,119.24,1998,Right
35,7232,21674,136.92,1999,Right
35,7232,21674,164.89,2000,Right
35,7232,21674,248.98,2001,Right
35,7232,21674,196.28,2005,Right
35,7232,21674,217.37,2010,Right
35,7232,21674,-1433.09,2015,Right
35,7232,21674,-652.45,2020,Right
36,7404,21834,2031.68,1991,Left
36,7404,21834,-346.51,1993,Left
36,7404,21834,-374.94,1995,Left
36,7404,21834,-618.33,1996,Left
36,7404,21834,-839.7,1997,Left
36,7404,21834,-830.28,1998,Left
36,7404,21834,-597.12,1999,Left
36,7404,21834,-478.45,2000,Left
36,7404,21834,-2022.55,2001,Left
36,7404,21834,130.86,2005,Left
36,7404,21834,-437.7,2010,Left
36,7404,21834,-119.82,2015,Left
36,7404,21834,-898.08,2020,Left
36,7404,21834,-10.03,1991,Right
36,7404,21834,20.86,1993,Right
36,7404,21834,-58.87,1995,Right
36,7404,21834,59.3,1996,Right
36,7404,21834,79.4,1997,Right
36,7404,21834,72.15,1998,Right
36,7404,21834,91.63,1999,Right
36,7404,21834,127.83,2000,Right
36,7404,21834,157.69,2001,Right
36,7404,21834,228.53,2005,Right
36,7404,21834,335.6,2010,Right
36,7404,21834,-144.49,2015,Right
36,7404,21834,255.89,2020,Right
37,7584,21988,799.31,1991,Left
37,7584,21988,-26.64,1993,Left
37,7584,21988,-813.11,1995,Left
37,7584,21988,-1071.25,1996,Left
37,7584,21988,-1277.75,1997,Left
37,7584,21988,-1795.71,1998,Left
37,7584,21988,-2003.13,1999,Left
37,7584,21988,-2047.72,2000,Left
37,7584,21988,-1513.41,2001,Left
37,7584,21988,-960.55,2005,Left
37,7584,21988,-1308.51,2010,Left
37,7584,21988,-963.65,2015,Left
37,7584,21988,-1727.94,2020,Left
37,7584,21988,-44.27,1991,Right
37,7584,21988,31.29,1993,Right
37,7584,21988,262.81,1995,Right
37,7584,21988,107.93,1996,Right
37,7584,21988,93.5,1997,Right
37,7584,21988,134.93,1998,Right
37,7584,21988,221.2,1999,Right
37,7584,21988,245.49,2000,Right
37,7584,21988,-325.48,2001,Right
37,7584,21988,201.72,2005,Right
37,7584,21988,438.55,2010,Right
37,7584,21988,503.06,2015,Right
37,7584,21988,510.0,2020,Right
38,7739,22131,-126.93,1991,Left
38,7739,22131,337.51,1993,Left
38,7739,22131,-531.39,1995,Left
38,7739,22131,-938.16,1996,Left
38,7739,22131,-1067.98,1997,Left
38,7739,22131,-1488.84,1998,Left
38,7739,22131,-1576.65,1999,Left
38,7739,22131,-1779.24,2000,Left
38,7739,22131,-1020.85,2001,Left
38,7739,22131,-2232.06,2005,Left
38,7739,22131,-1550.88,2010,Left
38,7739,22131,-2121.4,2015,Left
38,7739,22131,-2726.52,2020,Left
38,7739,22131,-270.49,1991,Right
38,7739,22131,358.7,1993,Right
38,7739,22131,353.71,1995,Right
38,7739,22131,365.87,1996,Right
38,7739,22131,218.87,1997,Right
38,7739,22131,458.05,1998,Right
38,7739,22131,195.83,1999,Right
38,7739,22131,107.46,2000,Right
38,7739,22131,-395.25,2001,Right
38,7739,22131,332.7,2005,Right
38,7739,22131,687.05,2010,Right
38,7739,22131,938.16,2015,Right
38,7739,22131,828.7,2020,Right
39,7873,22272,-409.77,1991,Left
39,7873,22272,794.54,1993,Left
39,7873,22272,-91.69,1995,Left
39,7873,22272,-500.91,1996,Left
39,7873,22272,-718.05,1997,Left
39,7873,22272,-951.42,1998,Left
39,7873,22272,-982.84,1999,Left
39,7873,22272,-1236.93,2000,Left
39,7873,22272,-323.27,2001,Left
39,7873,22272,-1601.88,2005,Left
39,7873,22272,-1794.02,2010,Left
39,7873,22272,-2273.31,2015,Left
39,7873,22272,-2601.25,2020,Left
39,7873,22272,-426.0,1991,Right
39,7873,22272,58.89,1993,Right
39,7873,22272,227.11,1995,Right
39,7873,22272,326.49,1996,Right
39,7873,22272,366.33,1997,Right
39,7873,22272,384.86,1998,Right
39,7873,22272,-151.8,1999,Right
39,7873,22272,-199.77,2000,Right
39,7873,22272,321.38,2001,Right
39,7873,22272,-54.04,2005,Right
39,7873,22272,579.33,2010,Right
39,7873,22272,1019.23,2015,Right
39,7873,22272,703.75,2020,Right
40,8027,22438,-193.94,1991,Left
40,8027,22438,309.21,1993,Left
40,8027,22438,238.87,1995,Left
40,8027,22438,195.27,1996,Left
40,8027,22438,31.63,1997,Left
40,8027,22438,-282.03,1998,Left
40,8027,22438,-213.04,1999,Left
40,8027,22438,-635.93,2000,Left
40,8027,22438,131.95,2001,Left
40,8027,22438,-410.57,2005,Left
40,8027,22438,-1834.97,2010,Left
40,8027,22438,-2002.29,2015,Left
40,8027,22438,-2051.04,2020,Left
40,8027,22438,-179.19,1991,Right
40,8027,22438,-11.89,1993,Right
40,8027,22438,174.75,1995,Right
40,8027,22438,108.96,1996,Right
40,8027,22438,270.29,1997,Right
40,8027,22438,421.33,1998,Right
40,8027,22438,-395.32,1999,Right
40,8027,22438,213.79,2000,Right
40,8027,22438,986.39,2001,Right
40,8027,22438,-996.62,2005,Right
40,8027,22438,242.22,2010,Right
40,8027,22438,495.57,2015,Right
40,8027,22438,642.01,2020,Right
41,8157,22574,379.12,1991,Left
41,8157,22574,-199.12,1993,Left
41,8157,22574,-160.17,1995,Left
41,8157,22574,532.03,1996,Left
41,8157,22574,546.3,1997,Left
41,8157,22574,-15.16,1998,Left
41,8157,22574,-301.53,1999,Left
41,8157,22574,150.75,2000,Left
41,8157,22574,-592.96,2001,Left
41,8157,22574,-453.65,2005,Left
41,8157,22574,-998.46,2010,Left
41,8157,22574,-1723.24,2015,Left
41,8157,22574,-1692.89,2020,Left
41,8157,22574,38.54,1991,Right
41,8157,22574,-311.55,1993,Right
41,8157,22574,185.01,1995,Right
41,8157,22574,-344.46,1996,Right
41,8157,22574,292.27,1997,Right
41,8157,22574,744.99,1998,Right
41,8157,22574,168.32,1999,Right
41,8157,22574,831.84,2000,Right
41,8157,22574,971.86,2001,Right
41,8157,22574,-1425.99,2005,Right
41,8157,22574,574.21,2010,Right
41,8157,22574,-74.02,2015,Right
41,8157,22574,576.43,2020,Right
42,8363,22725,887.62,1991,Left
42,8363,22725,-519.58,1993,Left
42,8363,22725,-1008.13,1995,Left
42,8363,22725,431.29,1996,Left
42,8363,22725,359.4,1997,Left
42,8363,22725,176.38,1998,Left
42,8363,22725,-994.24,1999,Left
42,8363,22725,-845.36,2000,Left
42,8363,22725,-1497.7,2001,Left
42,8363,22725,-1019.33,2005,Left
42,8363,22725,-1029.6,2010,Left
42,8363,22725,-897.64,2015,Left
42,8363,22725,-1320.68,2020,Left
42,8363,22725,223.25,1991,Right
42,8363,22725,-445.35,1993,Right
42,8363,22725,-90.89,1995,Right
42,8363,22725,115.29,1996,Right
42,8363,22725,246.0,1997,Right
42,8363,22725,847.91,1998,Right
42,8363,22725,952.59,1999,Right
42,8363,22725,943.26,2000,Right
42,8363,22725,1171.91,2001,Right
42,8363,22725,-1540.69,2005,Right
42,8363,22725,942.42,2010,Right
42,8363,22725,-276.15,2015,Right
42,8363,22725,199.46,2020,Right
43,8526,22840,435.7,1991,Left
43,8526,22840,-240.09,1993,Left
43,8526,22840,-1547.76,1995,Left
43,8526,22840,-736.7,1996,Left
43,8526,22840,-703.31,1997,Left
43,8526,22840,-931.52,1998,Left
43,8526,22840,-1587.99,1999,Left
43,8526,22840,-1653.19,2000,Left
43,8526,22840,-2786.11,2001,Left
43,8526,22840,-1565.56,2005,Left
43,8526,22840,-1494.3,2010,Left
43,8526,22840,-1032.97,2015,Left
43,8526,22840,-1207.05,2020,Left
43,8526,22840,415.54,1991,Right
43,8526,22840,-1122.49,1993,Right
43,8526,22840,-201.99,1995,Right
43,8526,22840,616.3,1996,Right
43,8526,22840,58.32,1997,Right
43,8526,22840,945.14,1998,Right
43,8526,22840,1021.5,1999,Right
43,8526,22840,1085.9,2000,Right
43,8526,22840,1987.99,2001,Right
43,8526,22840,-934.63,2005,Right
43,8526,22840,969.22,2010,Right
43,8526,22840,403.24,2015,Right
43,8526,22840,-396.58,2020,Right
44,8732,23004,-925.97,1991,Left
44,8732,23004,117.08,1993,Left
44,8732,23004,-1932.19,1995,Left
44,8732,23004,-2662.59,1996,Left
44,8732,23004,-2368.45,1997,Left
44,8732,23004,-2350.42,1998,Left
44,8732,23004,-2424.39,1999,Left
44,8732,23004,-2648.39,2000,Left
44,8732,23004,-2144.17,2001,Left
44,8732,23004,-2816.01,2005,Left
44,8732,23004,-2423.14,2010,Left
44,8732,23004,-2071.51,2015,Left
44,8732,23004,-1381.39,2020,Left
44,8732,23004,369.82,1991,Right
44,8732,23004,-1461.5,1993,Right
44,8732,23004,974.38,1995,Right
44,8732,23004,1835.12,1996,Right
44,8732,23004,1382.35,1997,Right
44,8732,23004,1496.87,1998,Right
44,8732,23004,1585.09,1999,Right
44,8732,23004,1802.88,2000,Right
44,8732,23004,2912.54,2001,Right
44,8732,23004,136.89,2005,Right
44,8732,23004,1666.82,2010,Right
44,8732,23004,1828.21,2015,Right
44,8732,23004,289.79,2020,Right
45,8854,23237,-228.9,1991,Left
45,8854,23237,110.76,1993,Left
45,8854,23237,-987.47,1995,Left
45,8854,23237,-1725.82,1996,Left
45,8854,23237,-2163.11,1997,Left
45,8854,23237,-2130.24,1998,Left
45,8854,23237,-2147.18,1999,Left
45,8854,23237,-2110.24,2000,Left
45,8854,23237,-1698.26,2001,Left
45,8854,23237,-2706.22,2005,Left
45,8854,23237,-1519.48,2010,Left
45,8854,23237,-1613.74,2015,Left
45,8854,23237,-622.98,2020,Left
45,8854,23237,149.19,1991,Right
45,8854,23237,-34.86,1993,Right
45,8854,23237,3176.17,1995,Right
45,8854,23237,3994.16,1996,Right
45,8854,23237,3571.39,1997,Right
45,8854,23237,3534.76,1998,Right
45,8854,23237,3357.6,1999,Right
45,8854,23237,2832.27,2000,Right
45,8854,23237,2373.78,2001,Right
45,8854,23237,2330.75,2005,Right
45,8854,23237,3769.23,2010,Right
45,8854,23237,3784.6,2015,Right
45,8854,23237,2442.37,2020,Right
46,8969,23357,357.51,1991,Left
46,8969,23357,104.59,1993,Left
46,8969,23357,-234.5,1995,Left
46,8969,23357,-665.13,1996,Left
46,8969,23357,-1333.16,1997,Left
46,8969,23357,-1611.28,1998,Left
46,8969,23357,-1648.66,1999,Left
46,8969,23357,-1540.43,2000,Left
46,8969,23357,-1070.3,2001,Left
46,8969,23357,-2642.59,2005,Left
46,8969,23357,-1151.44,2010,Left
46,8969,23357,-1156.36,2015,Left
46,8969,23357,11.79,2020,Left
46,8969,23357,-666.52,1991,Right
46,8969,23357,-897.17,1993,Right
46,8969,23357,3755.186,1995,Right
46,8969,23357,4206.45,1996,Right
46,8969,23357,4136.4,1997,Right
46,8969,23357,3617.71,1998,Right
46,8969,23357,3358.2,1999,Right
46,8969,23357,2545.31,2000,Right
46,8969,23357,1805.85,2001,Right
46,8969,23357,2405.64,2005,Right
46,8969,23357,3087.17,2010,Right
46,8969,23357,3268.81,2015,Right
46,8969,23357,3106.04,2020,Right
47,9085,23479,337.57,1991,Left
47,9085,23479,-57.03,1993,Left
47,9085,23479,362.15,1995,Left
47,9085,23479,326.55,1996,Left
47,9085,23479,-330.95,1997,Left
47,9085,23479,-976.51,1998,Left
47,9085,23479,-1020.58,1999,Left
47,9085,23479,-649.0,2000,Left
47,9085,23479,-397.82,2001,Left
47,9085,23479,-1688.99,2005,Left
47,9085,23479,-1020.95,2010,Left
47,9085,23479,-869.7,2015,Left
47,9085,23479,231.75,2020,Left
47,9085,23479,-421.23,1991,Right
47,9085,23479,-974.87,1993,Right
47,9085,23479,3414.44,1995,Right
47,9085,23479,3733.06,1996,Right
47,9085,23479,3734.8,1997,Right
47,9085,23479,3484.85,1998,Right
47,9085,23479,3344.52,1999,Right
47,9085,23479,2224.75,2000,Right
47,9085,23479,1811.91,2001,Right
47,9085,23479,1803.34,2005,Right
47,9085,23479,2220.01,2010,Right
47,9085,23479,2436.77,2015,Right
47,9085,23479,2201.23,2020,Right
48,9202,23614,682.86,1991,Left
48,9202,23614,277.92,1993,Left
48,9202,23614,1263.12,1995,Left
48,9202,23614,1450.32,1996,Left
48,9202,23614,758.94,1997,Left
48,9202,23614,-42.81,1998,Left
48,9202,23614,-124.72,1999,Left
48,9202,23614,310.51,2000,Left
48,9202,23614,27.86,2001,Left
48,9202,23614,-608.24,2005,Left
48,9202,23614,-322.86,2010,Left
48,9202,23614,-44.92,2015,Left
48,9202,23614,316.15,2020,Left
48,9202,23614,-140.05,1991,Right
48,9202,23614,-280.48,1993,Right
48,9202,23614,2105.49,1995,Right
48,9202,23614,2718.69,1996,Right
48,9202,23614,2601.95,1997,Right
48,9202,23614,3153.32,1998,Right
48,9202,23614,3102.08,1999,Right
48,9202,23614,1328.55,2000,Right
48,9202,23614,1335.1,2001,Right
48,9202,23614,1226.73,2005,Right
48,9202,23614,1475.64,2010,Right
48,9202,23614,1395.76,2015,Right
48,9202,23614,953.91,2020,Right
49,9338,23714,-21.95,1991,Left
49,9338,23714,33.34,1993,Left
49,9338,23714,950.68,1995,Left
49,9338,23714,1379.43,1996,Left
49,9338,23714,1147.35,1997,Left
49,9338,23714,26.44,1998,Left
49,9338,23714,33.37,1999,Left
49,9338,23714,69.54,2000,Left
49,9338,23714,14.49,2001,Left
49,9338,23714,219.89,2005,Left
49,9338,23714,57.8,2010,Left
49,9338,23714,86.15,2015,Left
49,9338,23714,73.69,2020,Left
49,9338,23714,336.34,1991,Right
49,9338,23714,605.22,1993,Right
49,9338,23714,1254.44,1995,Right
49,9338,23714,2026.83,1996,Right
49,9338,23714,2080.73,1997,Right
49,9338,23714,2495.83,1998,Right
49,9338,23714,2441.35,1999,Right
49,9338,23714,722.14,2000,Right
49,9338,23714,1682.11,2001,Right
49,9338,23714,1344.85,2005,Right
49,9338,23714,1532.54,2010,Right
49,9338,23714,1630.61,2015,Right
49,9338,23714,578.46,2020,Right
50,9448,23861,-20.97,1991,Left
50,9448,23861,-5.23,1993,Left
50,9448,23861,284.13,1995,Left
50,9448,23861,684.16,1996,Left
50,9448,23861,1564.24,1997,Left
50,9448,23861,21.28,1998,Left
50,9448,23861,22.84,1999,Left
50,9448,23861,26.09,2000,Left
50,9448,23861,110.57,2001,Left
50,9448,23861,28.89,2005,Left
50,9448,23861,67.03,2010,Left
50,9448,23861,35.66,2015,Left
50,9448,23861,20.77,2020,Left
50,9448,23861,1153.64,1991,Right
50,9448,23861,1815.43,1993,Right
50,9448,23861,1290.23,1995,Right
50,9448,23861,2269.69,1996,Right
50,9448,23861,2464.74,1997,Right
50,9448,23861,2789.65,1998,Right
50,9448,23861,2716.36,1999,Right
50,9448,23861,1582.52,2000,Right
50,9448,23861,2324.46,2001,Right
50,9448,23861,1299.98,2005,Right
50,9448,23861,1845.06,2010,Right
50,9448,23861,2893.99,2015,Right
50,9448,23861,1478.15,2020,Right
